Protocol,Model,Total Extracted,Total GT,Matched,Precision,Recall,F1-Score
BGP,gemma3_12b_gemma_mistral_no_think_ollama_json_output,11,6,6,0.545,1.0,0.706
BGP,gemma3_12b_gemma_mistral_no_think_ollama_json_schema_output,11,6,6,0.545,1.0,0.706
BGP,gemma3_12b_gemma_mistral_no_think_tagged_json_output,5,6,1,0.2,0.167,0.182
BGP,gemma3_27b_gemma_mistral_no_think_ollama_json_output,15,6,6,0.4,1.0,0.571
BGP,gemma3_27b_gemma_mistral_no_think_ollama_json_schema_output,15,6,6,0.4,1.0,0.571
BGP,gemma3_27b_gemma_mistral_no_think_tagged_json_output,10,6,6,0.6,1.0,0.75
BGP,mistral-small3.1_24b_gemma_mistral_no_think_ollama_json_output,11,6,6,0.545,1.0,0.706
BGP,mistral-small3.1_24b_gemma_mistral_no_think_ollama_json_schema_output,11,6,6,0.545,1.0,0.706
BGP,mistral-small3.1_24b_gemma_mistral_no_think_tagged_json_output,14,6,6,0.429,1.0,0.6
BGP,qwen3.5_27b_qwen_no_think_ollama_json_output,6,6,6,1.0,1.0,1.0
BGP,qwen3.5_27b_qwen_no_think_ollama_json_schema_output,6,6,6,1.0,1.0,1.0
BGP,qwen3.5_27b_qwen_no_think_tagged_json_output,8,6,6,0.75,1.0,0.857
BGP,qwen3.5_9b_qwen_no_think_ollama_json_output,0,6,0,0.0,0.0,0.0
BGP,qwen3.5_9b_qwen_no_think_ollama_json_schema_output,6,6,6,1.0,1.0,1.0
BGP,qwen3.5_9b_qwen_no_think_tagged_json_output,0,6,0,0.0,0.0,0.0
DCCP,gemma3_12b_gemma_mistral_no_think_ollama_json_output,16,9,9,0.562,1.0,0.72
DCCP,gemma3_12b_gemma_mistral_no_think_ollama_json_schema_output,16,9,9,0.562,1.0,0.72
DCCP,gemma3_12b_gemma_mistral_no_think_tagged_json_output,15,9,0,0.0,0.0,0.0
DCCP,gemma3_27b_gemma_mistral_no_think_ollama_json_output,29,9,9,0.31,1.0,0.474
DCCP,gemma3_27b_gemma_mistral_no_think_ollama_json_schema_output,29,9,9,0.31,1.0,0.474
DCCP,gemma3_27b_gemma_mistral_no_think_tagged_json_output,29,9,9,0.31,1.0,0.474
DCCP,mistral-small3.1_24b_gemma_mistral_no_think_ollama_json_output,26,9,9,0.346,1.0,0.514
DCCP,mistral-small3.1_24b_gemma_mistral_no_think_ollama_json_schema_output,26,9,9,0.346,1.0,0.514
DCCP,mistral-small3.1_24b_gemma_mistral_no_think_tagged_json_output,26,9,9,0.346,1.0,0.514
DCCP,qwen3.5_27b_qwen_no_think_ollama_json_output,0,9,0,0.0,0.0,0.0
DCCP,qwen3.5_27b_qwen_no_think_ollama_json_schema_output,16,9,9,0.562,1.0,0.72
DCCP,qwen3.5_27b_qwen_no_think_tagged_json_output,0,9,0,0.0,0.0,0.0
DCCP,qwen3.5_9b_qwen_no_think_ollama_json_output,12,9,9,0.75,1.0,0.857
DCCP,qwen3.5_9b_qwen_no_think_ollama_json_schema_output,12,9,9,0.75,1.0,0.857
DCCP,qwen3.5_9b_qwen_no_think_tagged_json_output,12,9,9,0.75,1.0,0.857
DHCP,gemma3_12b_gemma_mistral_no_think_ollama_json_output,9,8,7,0.778,0.875,0.824
DHCP,gemma3_12b_gemma_mistral_no_think_ollama_json_schema_output,9,8,7,0.778,0.875,0.824
DHCP,gemma3_12b_gemma_mistral_no_think_tagged_json_output,0,8,0,0.0,0.0,0.0
DHCP,gemma3_27b_gemma_mistral_no_think_ollama_json_output,7,8,6,0.857,0.75,0.8
DHCP,gemma3_27b_gemma_mistral_no_think_ollama_json_schema_output,7,8,6,0.857,0.75,0.8
DHCP,gemma3_27b_gemma_mistral_no_think_tagged_json_output,7,8,6,0.857,0.75,0.8
DHCP,mistral-small3.1_24b_gemma_mistral_no_think_ollama_json_output,10,8,8,0.8,1.0,0.889
DHCP,mistral-small3.1_24b_gemma_mistral_no_think_ollama_json_schema_output,10,8,8,0.8,1.0,0.889
DHCP,mistral-small3.1_24b_gemma_mistral_no_think_tagged_json_output,10,8,8,0.8,1.0,0.889
DHCP,qwen3.5_27b_qwen_no_think_ollama_json_output,8,8,8,1.0,1.0,1.0
DHCP,qwen3.5_27b_qwen_no_think_ollama_json_schema_output,8,8,8,1.0,1.0,1.0
DHCP,qwen3.5_27b_qwen_no_think_tagged_json_output,8,8,8,1.0,1.0,1.0
DHCP,qwen3.5_9b_qwen_no_think_ollama_json_output,8,8,7,0.875,0.875,0.875
DHCP,qwen3.5_9b_qwen_no_think_ollama_json_schema_output,8,8,7,0.875,0.875,0.875
DHCP,qwen3.5_9b_qwen_no_think_tagged_json_output,8,8,8,1.0,1.0,1.0
FTP,gemma3_12b_gemma_mistral_no_think_ollama_json_output,22,10,6,0.273,0.6,0.375
FTP,gemma3_12b_gemma_mistral_no_think_ollama_json_schema_output,22,10,6,0.273,0.6,0.375
FTP,gemma3_12b_gemma_mistral_no_think_tagged_json_output,8,10,4,0.5,0.4,0.444
FTP,gemma3_27b_gemma_mistral_no_think_ollama_json_output,23,10,5,0.217,0.5,0.303
FTP,gemma3_27b_gemma_mistral_no_think_ollama_json_schema_output,23,10,5,0.217,0.5,0.303
FTP,gemma3_27b_gemma_mistral_no_think_tagged_json_output,21,10,5,0.238,0.5,0.323
FTP,mistral-small3.1_24b_gemma_mistral_no_think_ollama_json_output,60,10,7,0.117,0.7,0.2
FTP,mistral-small3.1_24b_gemma_mistral_no_think_ollama_json_schema_output,60,10,7,0.117,0.7,0.2
FTP,mistral-small3.1_24b_gemma_mistral_no_think_tagged_json_output,70,10,8,0.114,0.8,0.2
FTP,qwen3.5_27b_qwen_no_think_ollama_json_output,21,10,7,0.333,0.7,0.452
FTP,qwen3.5_27b_qwen_no_think_ollama_json_schema_output,21,10,7,0.333,0.7,0.452
FTP,qwen3.5_27b_qwen_no_think_tagged_json_output,0,10,0,0.0,0.0,0.0
FTP,qwen3.5_9b_qwen_no_think_ollama_json_output,5,10,0,0.0,0.0,0.0
FTP,qwen3.5_9b_qwen_no_think_ollama_json_schema_output,5,10,0,0.0,0.0,0.0
FTP,qwen3.5_9b_qwen_no_think_tagged_json_output,5,10,0,0.0,0.0,0.0
IMAP,gemma3_12b_gemma_mistral_no_think_ollama_json_output,27,5,5,0.185,1.0,0.312
IMAP,gemma3_12b_gemma_mistral_no_think_ollama_json_schema_output,26,5,5,0.192,1.0,0.323
IMAP,gemma3_12b_gemma_mistral_no_think_tagged_json_output,0,5,0,0.0,0.0,0.0
IMAP,gemma3_27b_gemma_mistral_no_think_ollama_json_output,19,5,5,0.263,1.0,0.417
IMAP,gemma3_27b_gemma_mistral_no_think_ollama_json_schema_output,19,5,5,0.263,1.0,0.417
IMAP,gemma3_27b_gemma_mistral_no_think_tagged_json_output,20,5,5,0.25,1.0,0.4
IMAP,mistral-small3.1_24b_gemma_mistral_no_think_ollama_json_output,15,5,5,0.333,1.0,0.5
IMAP,mistral-small3.1_24b_gemma_mistral_no_think_ollama_json_schema_output,15,5,5,0.333,1.0,0.5
IMAP,mistral-small3.1_24b_gemma_mistral_no_think_tagged_json_output,16,5,5,0.312,1.0,0.476
IMAP,qwen3.5_27b_qwen_no_think_ollama_json_output,9,5,4,0.444,0.8,0.571
IMAP,qwen3.5_27b_qwen_no_think_ollama_json_schema_output,9,5,4,0.444,0.8,0.571
IMAP,qwen3.5_27b_qwen_no_think_tagged_json_output,0,5,0,0.0,0.0,0.0
IMAP,qwen3.5_9b_qwen_no_think_ollama_json_output,11,5,4,0.364,0.8,0.5
IMAP,qwen3.5_9b_qwen_no_think_ollama_json_schema_output,11,5,4,0.364,0.8,0.5
IMAP,qwen3.5_9b_qwen_no_think_tagged_json_output,0,5,0,0.0,0.0,0.0
MQTT,gemma3_12b_gemma_mistral_no_think_ollama_json_output,29,12,10,0.345,0.833,0.488
MQTT,gemma3_12b_gemma_mistral_no_think_ollama_json_schema_output,29,12,10,0.345,0.833,0.488
MQTT,gemma3_12b_gemma_mistral_no_think_tagged_json_output,12,12,6,0.5,0.5,0.5
MQTT,gemma3_27b_gemma_mistral_no_think_ollama_json_output,10,12,4,0.4,0.333,0.364
MQTT,gemma3_27b_gemma_mistral_no_think_ollama_json_schema_output,10,12,4,0.4,0.333,0.364
MQTT,gemma3_27b_gemma_mistral_no_think_tagged_json_output,18,12,6,0.333,0.5,0.4
MQTT,mistral-small3.1_24b_gemma_mistral_no_think_ollama_json_output,34,12,11,0.324,0.917,0.478
MQTT,mistral-small3.1_24b_gemma_mistral_no_think_ollama_json_schema_output,34,12,11,0.324,0.917,0.478
MQTT,mistral-small3.1_24b_gemma_mistral_no_think_tagged_json_output,35,12,11,0.314,0.917,0.468
MQTT,qwen3.5_27b_qwen_no_think_ollama_json_output,6,12,2,0.333,0.167,0.222
MQTT,qwen3.5_27b_qwen_no_think_ollama_json_schema_output,6,12,2,0.333,0.167,0.222
MQTT,qwen3.5_27b_qwen_no_think_tagged_json_output,7,12,2,0.286,0.167,0.211
MQTT,qwen3.5_9b_qwen_no_think_ollama_json_output,0,12,0,0.0,0.0,0.0
MQTT,qwen3.5_9b_qwen_no_think_ollama_json_schema_output,9,12,3,0.333,0.25,0.286
MQTT,qwen3.5_9b_qwen_no_think_tagged_json_output,0,12,0,0.0,0.0,0.0
NNTP,gemma3_12b_gemma_mistral_no_think_ollama_json_output,10,10,3,0.3,0.3,0.3
NNTP,gemma3_12b_gemma_mistral_no_think_ollama_json_schema_output,10,10,3,0.3,0.3,0.3
NNTP,gemma3_12b_gemma_mistral_no_think_tagged_json_output,3,10,0,0.0,0.0,0.0
NNTP,gemma3_27b_gemma_mistral_no_think_ollama_json_output,10,10,4,0.4,0.4,0.4
NNTP,gemma3_27b_gemma_mistral_no_think_ollama_json_schema_output,10,10,4,0.4,0.4,0.4
NNTP,gemma3_27b_gemma_mistral_no_think_tagged_json_output,10,10,4,0.4,0.4,0.4
NNTP,mistral-small3.1_24b_gemma_mistral_no_think_ollama_json_output,22,10,9,0.409,0.9,0.563
NNTP,mistral-small3.1_24b_gemma_mistral_no_think_ollama_json_schema_output,22,10,9,0.409,0.9,0.563
NNTP,mistral-small3.1_24b_gemma_mistral_no_think_tagged_json_output,19,10,6,0.316,0.6,0.414
NNTP,qwen3.5_27b_qwen_no_think_ollama_json_output,9,10,4,0.444,0.4,0.421
NNTP,qwen3.5_27b_qwen_no_think_ollama_json_schema_output,9,10,4,0.444,0.4,0.421
NNTP,qwen3.5_27b_qwen_no_think_tagged_json_output,0,10,0,0.0,0.0,0.0
NNTP,qwen3.5_9b_qwen_no_think_ollama_json_output,0,10,0,0.0,0.0,0.0
NNTP,qwen3.5_9b_qwen_no_think_ollama_json_schema_output,5,10,3,0.6,0.3,0.4
NNTP,qwen3.5_9b_qwen_no_think_tagged_json_output,5,10,2,0.4,0.2,0.267
POP3,gemma3_12b_gemma_mistral_no_think_ollama_json_output,10,3,3,0.3,1.0,0.462
POP3,gemma3_12b_gemma_mistral_no_think_ollama_json_schema_output,11,3,3,0.273,1.0,0.429
POP3,gemma3_12b_gemma_mistral_no_think_tagged_json_output,33,3,3,0.091,1.0,0.167
POP3,gemma3_27b_gemma_mistral_no_think_ollama_json_output,9,3,3,0.333,1.0,0.5
POP3,gemma3_27b_gemma_mistral_no_think_ollama_json_schema_output,9,3,3,0.333,1.0,0.5
POP3,gemma3_27b_gemma_mistral_no_think_tagged_json_output,0,3,0,0.0,0.0,0.0
POP3,mistral-small3.1_24b_gemma_mistral_no_think_ollama_json_output,7,3,3,0.429,1.0,0.6
POP3,mistral-small3.1_24b_gemma_mistral_no_think_ollama_json_schema_output,9,3,3,0.333,1.0,0.5
POP3,mistral-small3.1_24b_gemma_mistral_no_think_tagged_json_output,7,3,3,0.429,1.0,0.6
POP3,qwen3.5_27b_qwen_no_think_ollama_json_output,0,3,0,0.0,0.0,0.0
POP3,qwen3.5_27b_qwen_no_think_ollama_json_schema_output,5,3,3,0.6,1.0,0.75
POP3,qwen3.5_27b_qwen_no_think_tagged_json_output,0,3,0,0.0,0.0,0.0
POP3,qwen3.5_9b_qwen_no_think_ollama_json_output,0,3,0,0.0,0.0,0.0
POP3,qwen3.5_9b_qwen_no_think_ollama_json_schema_output,3,3,3,1.0,1.0,1.0
POP3,qwen3.5_9b_qwen_no_think_tagged_json_output,0,3,0,0.0,0.0,0.0
PPP,gemma3_12b_gemma_mistral_no_think_ollama_json_output,19,10,8,0.421,0.8,0.552
PPP,gemma3_12b_gemma_mistral_no_think_ollama_json_schema_output,19,10,8,0.421,0.8,0.552
PPP,gemma3_12b_gemma_mistral_no_think_tagged_json_output,10,10,0,0.0,0.0,0.0
PPP,gemma3_27b_gemma_mistral_no_think_ollama_json_output,16,10,10,0.625,1.0,0.769
PPP,gemma3_27b_gemma_mistral_no_think_ollama_json_schema_output,16,10,10,0.625,1.0,0.769
PPP,gemma3_27b_gemma_mistral_no_think_tagged_json_output,15,10,10,0.667,1.0,0.8
PPP,mistral-small3.1_24b_gemma_mistral_no_think_ollama_json_output,15,10,10,0.667,1.0,0.8
PPP,mistral-small3.1_24b_gemma_mistral_no_think_ollama_json_schema_output,15,10,10,0.667,1.0,0.8
PPP,mistral-small3.1_24b_gemma_mistral_no_think_tagged_json_output,15,10,10,0.667,1.0,0.8
PPP,qwen3.5_27b_qwen_no_think_ollama_json_output,16,10,10,0.625,1.0,0.769
PPP,qwen3.5_27b_qwen_no_think_ollama_json_schema_output,16,10,10,0.625,1.0,0.769
PPP,qwen3.5_27b_qwen_no_think_tagged_json_output,15,10,10,0.667,1.0,0.8
PPP,qwen3.5_9b_qwen_no_think_ollama_json_output,16,10,8,0.5,0.8,0.615
PPP,qwen3.5_9b_qwen_no_think_ollama_json_schema_output,16,10,8,0.5,0.8,0.615
PPP,qwen3.5_9b_qwen_no_think_tagged_json_output,16,10,8,0.5,0.8,0.615
PPTP,gemma3_12b_gemma_mistral_no_think_ollama_json_output,25,9,8,0.32,0.889,0.471
PPTP,gemma3_12b_gemma_mistral_no_think_ollama_json_schema_output,25,9,8,0.32,0.889,0.471
PPTP,gemma3_12b_gemma_mistral_no_think_tagged_json_output,2,9,0,0.0,0.0,0.0
PPTP,gemma3_27b_gemma_mistral_no_think_ollama_json_output,17,9,6,0.353,0.667,0.462
PPTP,gemma3_27b_gemma_mistral_no_think_ollama_json_schema_output,17,9,6,0.353,0.667,0.462
PPTP,gemma3_27b_gemma_mistral_no_think_tagged_json_output,13,9,7,0.538,0.778,0.636
PPTP,mistral-small3.1_24b_gemma_mistral_no_think_ollama_json_output,18,9,7,0.389,0.778,0.519
PPTP,mistral-small3.1_24b_gemma_mistral_no_think_ollama_json_schema_output,18,9,7,0.389,0.778,0.519
PPTP,mistral-small3.1_24b_gemma_mistral_no_think_tagged_json_output,18,9,7,0.389,0.778,0.519
PPTP,qwen3.5_27b_qwen_no_think_ollama_json_output,11,9,7,0.636,0.778,0.7
PPTP,qwen3.5_27b_qwen_no_think_ollama_json_schema_output,15,9,8,0.533,0.889,0.667
PPTP,qwen3.5_27b_qwen_no_think_tagged_json_output,11,9,7,0.636,0.778,0.7
PPTP,qwen3.5_9b_qwen_no_think_ollama_json_output,8,9,7,0.875,0.778,0.824
PPTP,qwen3.5_9b_qwen_no_think_ollama_json_schema_output,8,9,7,0.875,0.778,0.824
PPTP,qwen3.5_9b_qwen_no_think_tagged_json_output,10,9,8,0.8,0.889,0.842
RTSP,gemma3_12b_gemma_mistral_no_think_ollama_json_output,0,3,0,0.0,0.0,0.0
RTSP,gemma3_12b_gemma_mistral_no_think_ollama_json_schema_output,34,3,3,0.088,1.0,0.162
RTSP,gemma3_12b_gemma_mistral_no_think_tagged_json_output,0,3,0,0.0,0.0,0.0
RTSP,gemma3_27b_gemma_mistral_no_think_ollama_json_output,0,3,0,0.0,0.0,0.0
RTSP,gemma3_27b_gemma_mistral_no_think_ollama_json_schema_output,25,3,3,0.12,1.0,0.214
RTSP,gemma3_27b_gemma_mistral_no_think_tagged_json_output,0,3,0,0.0,0.0,0.0
RTSP,mistral-small3.1_24b_gemma_mistral_no_think_ollama_json_output,45,3,3,0.067,1.0,0.125
RTSP,mistral-small3.1_24b_gemma_mistral_no_think_ollama_json_schema_output,45,3,3,0.067,1.0,0.125
RTSP,mistral-small3.1_24b_gemma_mistral_no_think_tagged_json_output,42,3,3,0.071,1.0,0.133
RTSP,qwen3.5_27b_qwen_no_think_ollama_json_output,13,3,3,0.231,1.0,0.375
RTSP,qwen3.5_27b_qwen_no_think_ollama_json_schema_output,13,3,3,0.231,1.0,0.375
RTSP,qwen3.5_27b_qwen_no_think_tagged_json_output,0,3,0,0.0,0.0,0.0
RTSP,qwen3.5_9b_qwen_no_think_ollama_json_output,0,3,0,0.0,0.0,0.0
RTSP,qwen3.5_9b_qwen_no_think_ollama_json_schema_output,7,3,3,0.429,1.0,0.6
RTSP,qwen3.5_9b_qwen_no_think_tagged_json_output,0,3,0,0.0,0.0,0.0
SIP,gemma3_12b_gemma_mistral_no_think_ollama_json_output,103,5,5,0.049,1.0,0.093
SIP,gemma3_12b_gemma_mistral_no_think_ollama_json_schema_output,103,5,5,0.049,1.0,0.093
SIP,gemma3_12b_gemma_mistral_no_think_tagged_json_output,5,5,0,0.0,0.0,0.0
SIP,gemma3_27b_gemma_mistral_no_think_ollama_json_output,48,5,5,0.104,1.0,0.189
SIP,gemma3_27b_gemma_mistral_no_think_ollama_json_schema_output,48,5,5,0.104,1.0,0.189
SIP,gemma3_27b_gemma_mistral_no_think_tagged_json_output,0,5,0,0.0,0.0,0.0
SIP,mistral-small3.1_24b_gemma_mistral_no_think_ollama_json_output,80,5,5,0.062,1.0,0.118
SIP,mistral-small3.1_24b_gemma_mistral_no_think_ollama_json_schema_output,80,5,5,0.062,1.0,0.118
SIP,mistral-small3.1_24b_gemma_mistral_no_think_tagged_json_output,177,5,5,0.028,1.0,0.055
SIP,qwen3.5_27b_qwen_no_think_ollama_json_output,23,5,5,0.217,1.0,0.357
SIP,qwen3.5_27b_qwen_no_think_ollama_json_schema_output,25,5,5,0.2,1.0,0.333
SIP,qwen3.5_27b_qwen_no_think_tagged_json_output,28,5,5,0.179,1.0,0.303
SIP,qwen3.5_9b_qwen_no_think_ollama_json_output,0,5,0,0.0,0.0,0.0
SIP,qwen3.5_9b_qwen_no_think_ollama_json_schema_output,8,5,5,0.625,1.0,0.769
SIP,qwen3.5_9b_qwen_no_think_tagged_json_output,0,5,0,0.0,0.0,0.0
SMTP,gemma3_12b_gemma_mistral_no_think_ollama_json_output,22,7,4,0.182,0.571,0.276
SMTP,gemma3_12b_gemma_mistral_no_think_ollama_json_schema_output,22,7,4,0.182,0.571,0.276
SMTP,gemma3_12b_gemma_mistral_no_think_tagged_json_output,4,7,0,0.0,0.0,0.0
SMTP,gemma3_27b_gemma_mistral_no_think_ollama_json_output,21,7,3,0.143,0.429,0.214
SMTP,gemma3_27b_gemma_mistral_no_think_ollama_json_schema_output,21,7,3,0.143,0.429,0.214
SMTP,gemma3_27b_gemma_mistral_no_think_tagged_json_output,22,7,4,0.182,0.571,0.276
SMTP,mistral-small3.1_24b_gemma_mistral_no_think_ollama_json_output,26,7,5,0.192,0.714,0.303
SMTP,mistral-small3.1_24b_gemma_mistral_no_think_ollama_json_schema_output,26,7,5,0.192,0.714,0.303
SMTP,mistral-small3.1_24b_gemma_mistral_no_think_tagged_json_output,48,7,5,0.104,0.714,0.182
SMTP,qwen3.5_27b_qwen_no_think_ollama_json_output,0,7,0,0.0,0.0,0.0
SMTP,qwen3.5_27b_qwen_no_think_ollama_json_schema_output,6,7,4,0.667,0.571,0.615
SMTP,qwen3.5_27b_qwen_no_think_tagged_json_output,0,7,0,0.0,0.0,0.0
SMTP,qwen3.5_9b_qwen_no_think_ollama_json_output,5,7,2,0.4,0.286,0.333
SMTP,qwen3.5_9b_qwen_no_think_ollama_json_schema_output,5,7,2,0.4,0.286,0.333
SMTP,qwen3.5_9b_qwen_no_think_tagged_json_output,0,7,0,0.0,0.0,0.0
TCP,gemma3_12b_gemma_mistral_no_think_ollama_json_output,11,11,10,0.909,0.909,0.909
TCP,gemma3_12b_gemma_mistral_no_think_ollama_json_schema_output,11,11,10,0.909,0.909,0.909
TCP,gemma3_12b_gemma_mistral_no_think_tagged_json_output,72,11,4,0.056,0.364,0.096
TCP,gemma3_27b_gemma_mistral_no_think_ollama_json_output,29,11,10,0.345,0.909,0.5
TCP,gemma3_27b_gemma_mistral_no_think_ollama_json_schema_output,29,11,10,0.345,0.909,0.5
TCP,gemma3_27b_gemma_mistral_no_think_tagged_json_output,12,11,10,0.833,0.909,0.87
TCP,mistral-small3.1_24b_gemma_mistral_no_think_ollama_json_output,11,11,10,0.909,0.909,0.909
TCP,mistral-small3.1_24b_gemma_mistral_no_think_ollama_json_schema_output,11,11,10,0.909,0.909,0.909
TCP,mistral-small3.1_24b_gemma_mistral_no_think_tagged_json_output,11,11,10,0.909,0.909,0.909
TCP,qwen3.5_27b_qwen_no_think_ollama_json_output,11,11,10,0.909,0.909,0.909
TCP,qwen3.5_27b_qwen_no_think_ollama_json_schema_output,11,11,10,0.909,0.909,0.909
TCP,qwen3.5_27b_qwen_no_think_tagged_json_output,11,11,10,0.909,0.909,0.909
TCP,qwen3.5_9b_qwen_no_think_ollama_json_output,11,11,10,0.909,0.909,0.909
TCP,qwen3.5_9b_qwen_no_think_ollama_json_schema_output,11,11,10,0.909,0.909,0.909
TCP,qwen3.5_9b_qwen_no_think_tagged_json_output,11,11,10,0.909,0.909,0.909
