Protocol,Model,TotalExtracted,TotalGT,Matched,UnmatchedGT,UnmatchedExtracted,Precision,Recall,F1-Score
BGP,gemma3_12b_gemma_mistral_no_think_ollama_json_output,25,26,15,11,10,0.6,0.577,0.588
BGP,gemma3_12b_gemma_mistral_no_think_ollama_json_schema_output,25,26,15,11,10,0.6,0.577,0.588
BGP,gemma3_12b_gemma_mistral_no_think_tagged_json_output,2,26,0,26,2,0.0,0.0,0.0
BGP,gemma3_27b_gemma_mistral_no_think_ollama_json_output,77,26,24,2,53,0.312,0.923,0.466
BGP,gemma3_27b_gemma_mistral_no_think_ollama_json_schema_output,77,26,24,2,53,0.312,0.923,0.466
BGP,gemma3_27b_gemma_mistral_no_think_tagged_json_output,74,26,25,1,49,0.338,0.962,0.5
BGP,mistral-small3.1_24b_gemma_mistral_no_think_ollama_json_output,81,26,24,2,57,0.296,0.923,0.449
BGP,mistral-small3.1_24b_gemma_mistral_no_think_ollama_json_schema_output,81,26,24,2,57,0.296,0.923,0.449
BGP,mistral-small3.1_24b_gemma_mistral_no_think_tagged_json_output,88,26,24,2,64,0.273,0.923,0.421
BGP,qwen3.5_27b_qwen_no_think_ollama_json_output,67,26,24,2,43,0.358,0.923,0.516
BGP,qwen3.5_27b_qwen_no_think_ollama_json_schema_output,67,26,24,2,43,0.358,0.923,0.516
BGP,qwen3.5_27b_qwen_no_think_tagged_json_output,65,26,23,3,42,0.354,0.885,0.505
BGP,qwen3.5_9b_qwen_no_think_ollama_json_output,0,26,0,26,0,0.0,0.0,0.0
BGP,qwen3.5_9b_qwen_no_think_ollama_json_schema_output,96,26,24,2,72,0.25,0.923,0.393
BGP,qwen3.5_9b_qwen_no_think_tagged_json_output,0,26,0,26,0,0.0,0.0,0.0
DCCP,gemma3_12b_gemma_mistral_no_think_ollama_json_output,30,25,12,13,18,0.4,0.48,0.436
DCCP,gemma3_12b_gemma_mistral_no_think_ollama_json_schema_output,30,25,12,13,18,0.4,0.48,0.436
DCCP,gemma3_12b_gemma_mistral_no_think_tagged_json_output,4,25,0,25,4,0.0,0.0,0.0
DCCP,gemma3_27b_gemma_mistral_no_think_ollama_json_output,77,25,12,13,65,0.156,0.48,0.235
DCCP,gemma3_27b_gemma_mistral_no_think_ollama_json_schema_output,77,25,12,13,65,0.156,0.48,0.235
DCCP,gemma3_27b_gemma_mistral_no_think_tagged_json_output,68,25,10,15,58,0.147,0.4,0.215
DCCP,mistral-small3.1_24b_gemma_mistral_no_think_ollama_json_output,56,25,12,13,44,0.214,0.48,0.296
DCCP,mistral-small3.1_24b_gemma_mistral_no_think_ollama_json_schema_output,56,25,12,13,44,0.214,0.48,0.296
DCCP,mistral-small3.1_24b_gemma_mistral_no_think_tagged_json_output,58,25,11,14,47,0.19,0.44,0.265
DCCP,qwen3.5_27b_qwen_no_think_ollama_json_output,0,25,0,25,0,0.0,0.0,0.0
DCCP,qwen3.5_27b_qwen_no_think_ollama_json_schema_output,37,25,13,12,24,0.351,0.52,0.419
DCCP,qwen3.5_27b_qwen_no_think_tagged_json_output,0,25,0,25,0,0.0,0.0,0.0
DCCP,qwen3.5_9b_qwen_no_think_ollama_json_output,34,25,9,16,25,0.265,0.36,0.305
DCCP,qwen3.5_9b_qwen_no_think_ollama_json_schema_output,34,25,9,16,25,0.265,0.36,0.305
DCCP,qwen3.5_9b_qwen_no_think_tagged_json_output,34,25,8,17,26,0.235,0.32,0.271
DHCP,gemma3_12b_gemma_mistral_no_think_ollama_json_output,31,19,10,9,21,0.323,0.526,0.4
DHCP,gemma3_12b_gemma_mistral_no_think_ollama_json_schema_output,31,19,10,9,21,0.323,0.526,0.4
DHCP,gemma3_12b_gemma_mistral_no_think_tagged_json_output,0,19,0,19,0,0.0,0.0,0.0
DHCP,gemma3_27b_gemma_mistral_no_think_ollama_json_output,25,19,8,11,17,0.32,0.421,0.364
DHCP,gemma3_27b_gemma_mistral_no_think_ollama_json_schema_output,25,19,8,11,17,0.32,0.421,0.364
DHCP,gemma3_27b_gemma_mistral_no_think_tagged_json_output,25,19,8,11,17,0.32,0.421,0.364
DHCP,mistral-small3.1_24b_gemma_mistral_no_think_ollama_json_output,19,19,12,7,7,0.632,0.632,0.632
DHCP,mistral-small3.1_24b_gemma_mistral_no_think_ollama_json_schema_output,19,19,12,7,7,0.632,0.632,0.632
DHCP,mistral-small3.1_24b_gemma_mistral_no_think_tagged_json_output,18,19,12,7,6,0.667,0.632,0.649
DHCP,qwen3.5_27b_qwen_no_think_ollama_json_output,16,19,15,4,1,0.938,0.789,0.857
DHCP,qwen3.5_27b_qwen_no_think_ollama_json_schema_output,29,19,15,4,14,0.517,0.789,0.625
DHCP,qwen3.5_27b_qwen_no_think_tagged_json_output,20,19,16,3,4,0.8,0.842,0.821
DHCP,qwen3.5_9b_qwen_no_think_ollama_json_output,25,19,7,12,18,0.28,0.368,0.318
DHCP,qwen3.5_9b_qwen_no_think_ollama_json_schema_output,25,19,7,12,18,0.28,0.368,0.318
DHCP,qwen3.5_9b_qwen_no_think_tagged_json_output,28,19,14,5,14,0.5,0.737,0.596
FTP,gemma3_12b_gemma_mistral_no_think_ollama_json_output,47,24,1,23,46,0.021,0.042,0.028
FTP,gemma3_12b_gemma_mistral_no_think_ollama_json_schema_output,47,24,1,23,46,0.021,0.042,0.028
FTP,gemma3_12b_gemma_mistral_no_think_tagged_json_output,8,24,0,24,8,0.0,0.0,0.0
FTP,gemma3_27b_gemma_mistral_no_think_ollama_json_output,125,24,0,24,125,0.0,0.0,0.0
FTP,gemma3_27b_gemma_mistral_no_think_ollama_json_schema_output,125,24,0,24,125,0.0,0.0,0.0
FTP,gemma3_27b_gemma_mistral_no_think_tagged_json_output,86,24,1,23,85,0.012,0.042,0.018
FTP,mistral-small3.1_24b_gemma_mistral_no_think_ollama_json_output,244,24,2,22,242,0.008,0.083,0.015
FTP,mistral-small3.1_24b_gemma_mistral_no_think_ollama_json_schema_output,244,24,2,22,242,0.008,0.083,0.015
FTP,mistral-small3.1_24b_gemma_mistral_no_think_tagged_json_output,215,24,2,22,213,0.009,0.083,0.017
FTP,qwen3.5_27b_qwen_no_think_ollama_json_output,47,24,0,24,47,0.0,0.0,0.0
FTP,qwen3.5_27b_qwen_no_think_ollama_json_schema_output,38,24,0,24,38,0.0,0.0,0.0
FTP,qwen3.5_27b_qwen_no_think_tagged_json_output,0,24,0,24,0,0.0,0.0,0.0
FTP,qwen3.5_9b_qwen_no_think_ollama_json_output,13,24,0,24,13,0.0,0.0,0.0
FTP,qwen3.5_9b_qwen_no_think_ollama_json_schema_output,13,24,0,24,13,0.0,0.0,0.0
FTP,qwen3.5_9b_qwen_no_think_tagged_json_output,13,24,0,24,13,0.0,0.0,0.0
IMAP,gemma3_12b_gemma_mistral_no_think_ollama_json_output,63,11,5,6,58,0.079,0.455,0.135
IMAP,gemma3_12b_gemma_mistral_no_think_ollama_json_schema_output,44,11,5,6,39,0.114,0.455,0.182
IMAP,gemma3_12b_gemma_mistral_no_think_tagged_json_output,0,11,0,11,0,0.0,0.0,0.0
IMAP,gemma3_27b_gemma_mistral_no_think_ollama_json_output,101,11,6,5,95,0.059,0.545,0.107
IMAP,gemma3_27b_gemma_mistral_no_think_ollama_json_schema_output,101,11,6,5,95,0.059,0.545,0.107
IMAP,gemma3_27b_gemma_mistral_no_think_tagged_json_output,76,11,6,5,70,0.079,0.545,0.138
IMAP,mistral-small3.1_24b_gemma_mistral_no_think_ollama_json_output,57,11,6,5,51,0.105,0.545,0.176
IMAP,mistral-small3.1_24b_gemma_mistral_no_think_ollama_json_schema_output,57,11,6,5,51,0.105,0.545,0.176
IMAP,mistral-small3.1_24b_gemma_mistral_no_think_tagged_json_output,61,11,6,5,55,0.098,0.545,0.167
IMAP,qwen3.5_27b_qwen_no_think_ollama_json_output,21,11,8,3,13,0.381,0.727,0.5
IMAP,qwen3.5_27b_qwen_no_think_ollama_json_schema_output,21,11,8,3,13,0.381,0.727,0.5
IMAP,qwen3.5_27b_qwen_no_think_tagged_json_output,0,11,0,11,0,0.0,0.0,0.0
IMAP,qwen3.5_9b_qwen_no_think_ollama_json_output,53,11,3,8,50,0.057,0.273,0.094
IMAP,qwen3.5_9b_qwen_no_think_ollama_json_schema_output,53,11,3,8,50,0.057,0.273,0.094
IMAP,qwen3.5_9b_qwen_no_think_tagged_json_output,0,11,0,11,0,0.0,0.0,0.0
MQTT,gemma3_12b_gemma_mistral_no_think_ollama_json_output,42,17,2,15,40,0.048,0.118,0.068
MQTT,gemma3_12b_gemma_mistral_no_think_ollama_json_schema_output,42,17,2,15,40,0.048,0.118,0.068
MQTT,gemma3_12b_gemma_mistral_no_think_tagged_json_output,21,17,1,16,20,0.048,0.059,0.053
MQTT,gemma3_27b_gemma_mistral_no_think_ollama_json_output,29,17,3,14,26,0.103,0.176,0.13
MQTT,gemma3_27b_gemma_mistral_no_think_ollama_json_schema_output,29,17,3,14,26,0.103,0.176,0.13
MQTT,gemma3_27b_gemma_mistral_no_think_tagged_json_output,30,17,2,15,28,0.067,0.118,0.085
MQTT,mistral-small3.1_24b_gemma_mistral_no_think_ollama_json_output,46,17,2,15,44,0.043,0.118,0.063
MQTT,mistral-small3.1_24b_gemma_mistral_no_think_ollama_json_schema_output,46,17,2,15,44,0.043,0.118,0.063
MQTT,mistral-small3.1_24b_gemma_mistral_no_think_tagged_json_output,47,17,4,13,43,0.085,0.235,0.125
MQTT,qwen3.5_27b_qwen_no_think_ollama_json_output,9,17,1,16,8,0.111,0.059,0.077
MQTT,qwen3.5_27b_qwen_no_think_ollama_json_schema_output,9,17,1,16,8,0.111,0.059,0.077
MQTT,qwen3.5_27b_qwen_no_think_tagged_json_output,15,17,1,16,14,0.067,0.059,0.062
MQTT,qwen3.5_9b_qwen_no_think_ollama_json_output,0,17,0,17,0,0.0,0.0,0.0
MQTT,qwen3.5_9b_qwen_no_think_ollama_json_schema_output,9,17,0,17,9,0.0,0.0,0.0
MQTT,qwen3.5_9b_qwen_no_think_tagged_json_output,0,17,0,17,0,0.0,0.0,0.0
NNTP,gemma3_12b_gemma_mistral_no_think_ollama_json_output,13,16,2,14,11,0.154,0.125,0.138
NNTP,gemma3_12b_gemma_mistral_no_think_ollama_json_schema_output,13,16,2,14,11,0.154,0.125,0.138
NNTP,gemma3_12b_gemma_mistral_no_think_tagged_json_output,4,16,0,16,4,0.0,0.0,0.0
NNTP,gemma3_27b_gemma_mistral_no_think_ollama_json_output,42,16,2,14,40,0.048,0.125,0.069
NNTP,gemma3_27b_gemma_mistral_no_think_ollama_json_schema_output,42,16,2,14,40,0.048,0.125,0.069
NNTP,gemma3_27b_gemma_mistral_no_think_tagged_json_output,31,16,2,14,29,0.065,0.125,0.085
NNTP,mistral-small3.1_24b_gemma_mistral_no_think_ollama_json_output,53,16,3,13,50,0.057,0.188,0.087
NNTP,mistral-small3.1_24b_gemma_mistral_no_think_ollama_json_schema_output,53,16,3,13,50,0.057,0.188,0.087
NNTP,mistral-small3.1_24b_gemma_mistral_no_think_tagged_json_output,52,16,2,14,50,0.038,0.125,0.059
NNTP,qwen3.5_27b_qwen_no_think_ollama_json_output,20,16,2,14,18,0.1,0.125,0.111
NNTP,qwen3.5_27b_qwen_no_think_ollama_json_schema_output,20,16,2,14,18,0.1,0.125,0.111
NNTP,qwen3.5_27b_qwen_no_think_tagged_json_output,0,16,0,16,0,0.0,0.0,0.0
NNTP,qwen3.5_9b_qwen_no_think_ollama_json_output,0,16,0,16,0,0.0,0.0,0.0
NNTP,qwen3.5_9b_qwen_no_think_ollama_json_schema_output,8,16,0,16,8,0.0,0.0,0.0
NNTP,qwen3.5_9b_qwen_no_think_tagged_json_output,13,16,0,16,13,0.0,0.0,0.0
POP3,gemma3_12b_gemma_mistral_no_think_ollama_json_output,43,18,5,13,38,0.116,0.278,0.164
POP3,gemma3_12b_gemma_mistral_no_think_ollama_json_schema_output,44,18,5,13,39,0.114,0.278,0.161
POP3,gemma3_12b_gemma_mistral_no_think_tagged_json_output,34,18,4,14,30,0.118,0.222,0.154
POP3,gemma3_27b_gemma_mistral_no_think_ollama_json_output,41,18,7,11,34,0.171,0.389,0.237
POP3,gemma3_27b_gemma_mistral_no_think_ollama_json_schema_output,40,18,7,11,33,0.175,0.389,0.241
POP3,gemma3_27b_gemma_mistral_no_think_tagged_json_output,0,18,0,18,0,0.0,0.0,0.0
POP3,mistral-small3.1_24b_gemma_mistral_no_think_ollama_json_output,27,18,2,16,25,0.074,0.111,0.089
POP3,mistral-small3.1_24b_gemma_mistral_no_think_ollama_json_schema_output,28,18,2,16,26,0.071,0.111,0.087
POP3,mistral-small3.1_24b_gemma_mistral_no_think_tagged_json_output,28,18,3,15,25,0.107,0.167,0.13
POP3,qwen3.5_27b_qwen_no_think_ollama_json_output,0,18,0,18,0,0.0,0.0,0.0
POP3,qwen3.5_27b_qwen_no_think_ollama_json_schema_output,15,18,5,13,10,0.333,0.278,0.303
POP3,qwen3.5_27b_qwen_no_think_tagged_json_output,0,18,0,18,0,0.0,0.0,0.0
POP3,qwen3.5_9b_qwen_no_think_ollama_json_output,0,18,0,18,0,0.0,0.0,0.0
POP3,qwen3.5_9b_qwen_no_think_ollama_json_schema_output,17,18,1,17,16,0.059,0.056,0.057
POP3,qwen3.5_9b_qwen_no_think_tagged_json_output,0,18,0,18,0,0.0,0.0,0.0
PPP,gemma3_12b_gemma_mistral_no_think_ollama_json_output,49,27,0,27,49,0.0,0.0,0.0
PPP,gemma3_12b_gemma_mistral_no_think_ollama_json_schema_output,49,27,0,27,49,0.0,0.0,0.0
PPP,gemma3_12b_gemma_mistral_no_think_tagged_json_output,0,27,0,27,0,0.0,0.0,0.0
PPP,gemma3_27b_gemma_mistral_no_think_ollama_json_output,71,27,1,26,70,0.014,0.037,0.02
PPP,gemma3_27b_gemma_mistral_no_think_ollama_json_schema_output,71,27,1,26,70,0.014,0.037,0.02
PPP,gemma3_27b_gemma_mistral_no_think_tagged_json_output,65,27,2,25,63,0.031,0.074,0.043
PPP,mistral-small3.1_24b_gemma_mistral_no_think_ollama_json_output,116,27,3,24,113,0.026,0.111,0.042
PPP,mistral-small3.1_24b_gemma_mistral_no_think_ollama_json_schema_output,116,27,3,24,113,0.026,0.111,0.042
PPP,mistral-small3.1_24b_gemma_mistral_no_think_tagged_json_output,105,27,3,24,102,0.029,0.111,0.045
PPP,qwen3.5_27b_qwen_no_think_ollama_json_output,131,27,3,24,128,0.023,0.111,0.038
PPP,qwen3.5_27b_qwen_no_think_ollama_json_schema_output,131,27,3,24,128,0.023,0.111,0.038
PPP,qwen3.5_27b_qwen_no_think_tagged_json_output,134,27,5,22,129,0.037,0.185,0.062
PPP,qwen3.5_9b_qwen_no_think_ollama_json_output,115,27,1,26,114,0.009,0.037,0.014
PPP,qwen3.5_9b_qwen_no_think_ollama_json_schema_output,115,27,1,26,114,0.009,0.037,0.014
PPP,qwen3.5_9b_qwen_no_think_tagged_json_output,112,27,0,27,112,0.0,0.0,0.0
PPTP,gemma3_12b_gemma_mistral_no_think_ollama_json_output,32,19,8,11,24,0.25,0.421,0.314
PPTP,gemma3_12b_gemma_mistral_no_think_ollama_json_schema_output,32,19,8,11,24,0.25,0.421,0.314
PPTP,gemma3_12b_gemma_mistral_no_think_tagged_json_output,2,19,0,19,2,0.0,0.0,0.0
PPTP,gemma3_27b_gemma_mistral_no_think_ollama_json_output,54,19,10,9,44,0.185,0.526,0.274
PPTP,gemma3_27b_gemma_mistral_no_think_ollama_json_schema_output,54,19,10,9,44,0.185,0.526,0.274
PPTP,gemma3_27b_gemma_mistral_no_think_tagged_json_output,33,19,12,7,21,0.364,0.632,0.462
PPTP,mistral-small3.1_24b_gemma_mistral_no_think_ollama_json_output,52,19,13,6,39,0.25,0.684,0.366
PPTP,mistral-small3.1_24b_gemma_mistral_no_think_ollama_json_schema_output,52,19,13,6,39,0.25,0.684,0.366
PPTP,mistral-small3.1_24b_gemma_mistral_no_think_tagged_json_output,55,19,13,6,42,0.236,0.684,0.351
PPTP,qwen3.5_27b_qwen_no_think_ollama_json_output,34,19,13,6,21,0.382,0.684,0.491
PPTP,qwen3.5_27b_qwen_no_think_ollama_json_schema_output,40,19,14,5,26,0.35,0.737,0.475
PPTP,qwen3.5_27b_qwen_no_think_tagged_json_output,34,19,13,6,21,0.382,0.684,0.491
PPTP,qwen3.5_9b_qwen_no_think_ollama_json_output,31,19,15,4,16,0.484,0.789,0.6
PPTP,qwen3.5_9b_qwen_no_think_ollama_json_schema_output,31,19,15,4,16,0.484,0.789,0.6
PPTP,qwen3.5_9b_qwen_no_think_tagged_json_output,36,19,12,7,24,0.333,0.632,0.436
RTSP,gemma3_12b_gemma_mistral_no_think_ollama_json_output,0,33,0,33,0,0.0,0.0,0.0
RTSP,gemma3_12b_gemma_mistral_no_think_ollama_json_schema_output,56,33,16,17,40,0.286,0.485,0.36
RTSP,gemma3_12b_gemma_mistral_no_think_tagged_json_output,0,33,0,33,0,0.0,0.0,0.0
RTSP,gemma3_27b_gemma_mistral_no_think_ollama_json_output,0,33,0,33,0,0.0,0.0,0.0
RTSP,gemma3_27b_gemma_mistral_no_think_ollama_json_schema_output,77,33,25,8,52,0.325,0.758,0.455
RTSP,gemma3_27b_gemma_mistral_no_think_tagged_json_output,0,33,0,33,0,0.0,0.0,0.0
RTSP,mistral-small3.1_24b_gemma_mistral_no_think_ollama_json_output,107,33,27,6,80,0.252,0.818,0.386
RTSP,mistral-small3.1_24b_gemma_mistral_no_think_ollama_json_schema_output,107,33,27,6,80,0.252,0.818,0.386
RTSP,mistral-small3.1_24b_gemma_mistral_no_think_tagged_json_output,107,33,27,6,80,0.252,0.818,0.386
RTSP,qwen3.5_27b_qwen_no_think_ollama_json_output,54,33,25,8,29,0.463,0.758,0.575
RTSP,qwen3.5_27b_qwen_no_think_ollama_json_schema_output,53,33,24,9,29,0.453,0.727,0.558
RTSP,qwen3.5_27b_qwen_no_think_tagged_json_output,0,33,0,33,0,0.0,0.0,0.0
RTSP,qwen3.5_9b_qwen_no_think_ollama_json_output,0,33,0,33,0,0.0,0.0,0.0
RTSP,qwen3.5_9b_qwen_no_think_ollama_json_schema_output,30,33,18,15,12,0.6,0.545,0.571
RTSP,qwen3.5_9b_qwen_no_think_tagged_json_output,0,33,0,33,0,0.0,0.0,0.0
SIP,gemma3_12b_gemma_mistral_no_think_ollama_json_output,41,20,4,16,37,0.098,0.2,0.131
SIP,gemma3_12b_gemma_mistral_no_think_ollama_json_schema_output,41,20,4,16,37,0.098,0.2,0.131
SIP,gemma3_12b_gemma_mistral_no_think_tagged_json_output,0,20,0,20,0,0.0,0.0,0.0
SIP,gemma3_27b_gemma_mistral_no_think_ollama_json_output,136,20,9,11,127,0.066,0.45,0.115
SIP,gemma3_27b_gemma_mistral_no_think_ollama_json_schema_output,136,20,9,11,127,0.066,0.45,0.115
SIP,gemma3_27b_gemma_mistral_no_think_tagged_json_output,0,20,0,20,0,0.0,0.0,0.0
SIP,mistral-small3.1_24b_gemma_mistral_no_think_ollama_json_output,148,20,17,3,131,0.115,0.85,0.202
SIP,mistral-small3.1_24b_gemma_mistral_no_think_ollama_json_schema_output,148,20,17,3,131,0.115,0.85,0.202
SIP,mistral-small3.1_24b_gemma_mistral_no_think_tagged_json_output,325,20,11,9,314,0.034,0.55,0.064
SIP,qwen3.5_27b_qwen_no_think_ollama_json_output,83,20,18,2,65,0.217,0.9,0.35
SIP,qwen3.5_27b_qwen_no_think_ollama_json_schema_output,95,20,18,2,77,0.189,0.9,0.313
SIP,qwen3.5_27b_qwen_no_think_tagged_json_output,90,20,18,2,72,0.2,0.9,0.327
SIP,qwen3.5_9b_qwen_no_think_ollama_json_output,0,20,0,20,0,0.0,0.0,0.0
SIP,qwen3.5_9b_qwen_no_think_ollama_json_schema_output,19,20,9,11,10,0.474,0.45,0.462
SIP,qwen3.5_9b_qwen_no_think_tagged_json_output,0,20,0,20,0,0.0,0.0,0.0
SMTP,gemma3_12b_gemma_mistral_no_think_ollama_json_output,54,22,0,22,54,0.0,0.0,0.0
SMTP,gemma3_12b_gemma_mistral_no_think_ollama_json_schema_output,54,22,0,22,54,0.0,0.0,0.0
SMTP,gemma3_12b_gemma_mistral_no_think_tagged_json_output,3,22,0,22,3,0.0,0.0,0.0
SMTP,gemma3_27b_gemma_mistral_no_think_ollama_json_output,48,22,0,22,48,0.0,0.0,0.0
SMTP,gemma3_27b_gemma_mistral_no_think_ollama_json_schema_output,48,22,0,22,48,0.0,0.0,0.0
SMTP,gemma3_27b_gemma_mistral_no_think_tagged_json_output,59,22,0,22,59,0.0,0.0,0.0
SMTP,mistral-small3.1_24b_gemma_mistral_no_think_ollama_json_output,49,22,1,21,48,0.02,0.045,0.028
SMTP,mistral-small3.1_24b_gemma_mistral_no_think_ollama_json_schema_output,49,22,1,21,48,0.02,0.045,0.028
SMTP,mistral-small3.1_24b_gemma_mistral_no_think_tagged_json_output,84,22,2,20,82,0.024,0.091,0.038
SMTP,qwen3.5_27b_qwen_no_think_ollama_json_output,0,22,0,22,0,0.0,0.0,0.0
SMTP,qwen3.5_27b_qwen_no_think_ollama_json_schema_output,14,22,0,22,14,0.0,0.0,0.0
SMTP,qwen3.5_27b_qwen_no_think_tagged_json_output,0,22,0,22,0,0.0,0.0,0.0
SMTP,qwen3.5_9b_qwen_no_think_ollama_json_output,19,22,0,22,19,0.0,0.0,0.0
SMTP,qwen3.5_9b_qwen_no_think_ollama_json_schema_output,19,22,0,22,19,0.0,0.0,0.0
SMTP,qwen3.5_9b_qwen_no_think_tagged_json_output,0,22,0,22,0,0.0,0.0,0.0
TCP,gemma3_12b_gemma_mistral_no_think_ollama_json_output,10,20,4,16,6,0.4,0.2,0.267
TCP,gemma3_12b_gemma_mistral_no_think_ollama_json_schema_output,10,20,4,16,6,0.4,0.2,0.267
TCP,gemma3_12b_gemma_mistral_no_think_tagged_json_output,0,20,0,20,0,0.0,0.0,0.0
TCP,gemma3_27b_gemma_mistral_no_think_ollama_json_output,28,20,7,13,21,0.25,0.35,0.292
TCP,gemma3_27b_gemma_mistral_no_think_ollama_json_schema_output,28,20,7,13,21,0.25,0.35,0.292
TCP,gemma3_27b_gemma_mistral_no_think_tagged_json_output,28,20,7,13,21,0.25,0.35,0.292
TCP,mistral-small3.1_24b_gemma_mistral_no_think_ollama_json_output,103,20,7,13,96,0.068,0.35,0.114
TCP,mistral-small3.1_24b_gemma_mistral_no_think_ollama_json_schema_output,103,20,7,13,96,0.068,0.35,0.114
TCP,mistral-small3.1_24b_gemma_mistral_no_think_tagged_json_output,88,20,7,13,81,0.08,0.35,0.13
TCP,qwen3.5_27b_qwen_no_think_ollama_json_output,19,20,13,7,6,0.684,0.65,0.667
TCP,qwen3.5_27b_qwen_no_think_ollama_json_schema_output,20,20,13,7,7,0.65,0.65,0.65
TCP,qwen3.5_27b_qwen_no_think_tagged_json_output,19,20,13,7,6,0.684,0.65,0.667
TCP,qwen3.5_9b_qwen_no_think_ollama_json_output,22,20,10,10,12,0.455,0.5,0.476
TCP,qwen3.5_9b_qwen_no_think_ollama_json_schema_output,22,20,10,10,12,0.455,0.5,0.476
TCP,qwen3.5_9b_qwen_no_think_tagged_json_output,26,20,10,10,16,0.385,0.5,0.435
